{
  "examListingId" : 101042,
  "examMakerId" : 223,
  "examName" : "0 Exam with inline image and font",
  "examFileName" : "0 Exam with inline image and font-101042.xmzx",
  "configId" : "ip-118715233589649607751",
  "secure" : false,
  "essayQuestionCount" : 2,
  "allowSpellChecking" : false,
  "isTimed" : false,
  "timeLimitMinutes" : 0,
  "instructor" : "",
  "allowIpad" : false,
  "settings" : {
    "mangle" : false,
    "course" : "0 Exam with inline image and font",
    "instructor" : "",
    "allowPrint" : false,
    "showGrade" : false,
    "allowSpellCheck" : false,
    "examTimeLimitMinutes" : -1,
    "random" : false,
    "configID" : "ip-118715233589649607751",
    "runOnce" : false,
    "secureDownload" : true,
    "firstQuestionNumber" : 1,
    "noBackup" : false,
    "noUnansweredQReminder" : true,
    "essayRestrictFont" : false,
    "essayFontName" : null,
    "essayFontSize" : 10,
    "displayRawScore" : false,
    "suppressCutCopyPaste" : false,
    "restrictedCutCopyPaste" : false,
    "suppressMarkList" : false,
    "suspend" : true,
    "qbgColor" : null,
    "suppressNumbering" : false,
    "removeQuestionsOnExit" : false,
    "staticQColor" : false,
    "mcqCountMustMatch" : false,
    "allowCalc" : false,
    "noBackNav" : false,
    "suppressResumeCode" : false,
    "pingEnabled" : false,
    "adminUID" : "ip-118715233589649598858",
    "allowHighlight" : false,
    "blockInternet" : false,
    "examReview" : 0,
    "showIncorrectAnswersOnly" : false,
    "showRationale" : false,
    "requireExamReviewPassword" : false,
    "examReviewTimeLimit" : 0,
    "forceAnswer" : false,
    "showFinalAlarm" : false,
    "iPadAllowed" : false,
    "iPadGuidedAccessRequired" : true,
    "iPadBluetoothAllowed" : false,
    "iPadJailbreakAllowed" : false,
    "allowFindAndReplace" : false,
    "allowQuestionNotes" : false,
    "allowQuestionFeedback" : false
  },
  "examListId" : 101042,
  "timed" : false
}