{
  "examListingId" : 100693,
  "examMakerId" : 223,
  "examName" : "(0 10 1 1Score",
  "examFileName" : "(0 10 1 1Score-100693.xmzx",
  "configId" : "ip-118715090089765686037",
  "secure" : false,
  "essayQuestionCount" : 0,
  "allowSpellChecking" : false,
  "isTimed" : true,
  "timeLimitMinutes" : 10,
  "instructor" : "",
  "allowIpad" : false,
  "settings" : {
    "mangle" : false,
    "course" : "(0 10 1 1Score",
    "instructor" : "",
    "allowPrint" : false,
    "showGrade" : true,
    "allowSpellCheck" : false,
    "examTimeLimitMinutes" : 10,
    "random" : false,
    "configID" : "ip-118715090089765686037",
    "runOnce" : false,
    "secureDownload" : true,
    "firstQuestionNumber" : 1,
    "noBackup" : false,
    "noUnansweredQReminder" : true,
    "essayRestrictFont" : false,
    "essayFontName" : null,
    "essayFontSize" : 10,
    "displayRawScore" : true,
    "suppressCutCopyPaste" : true,
    "restrictedCutCopyPaste" : false,
    "suppressMarkList" : false,
    "suspend" : true,
    "qbgColor" : null,
    "suppressNumbering" : false,
    "removeQuestionsOnExit" : false,
    "staticQColor" : false,
    "mcqCountMustMatch" : false,
    "allowCalc" : false,
    "noBackNav" : false,
    "suppressResumeCode" : false,
    "pingEnabled" : false,
    "adminUID" : "ip-118715090089765665379",
    "allowHighlight" : false,
    "blockInternet" : false,
    "examReview" : 0,
    "showIncorrectAnswersOnly" : false,
    "showRationale" : false,
    "requireExamReviewPassword" : false,
    "examReviewTimeLimit" : 0,
    "forceAnswer" : false,
    "showFinalAlarm" : false,
    "iPadAllowed" : false,
    "iPadGuidedAccessRequired" : true,
    "iPadBluetoothAllowed" : false,
    "iPadJailbreakAllowed" : false,
    "allowFindAndReplace" : false,
    "allowQuestionNotes" : true,
    "allowQuestionFeedback" : true
  },
  "examListId" : 100693,
  "timed" : true
}